{"cameraMode":{"drawMode":0,"name":"Shaded","section":"Shading Mode"},"sceneLighting":true,"audioPlay":false,"sceneViewState":{"m_AlwaysRefresh":false,"showFog":true,"showSkybox":false,"showFlares":true,"showImageEffects":true,"showParticleSystems":true,"showVisualEffectGraphs":true,"m_FxEnabled":true},"in2DMode":false,"pivot":{"x":0.005133535712957382,"y":0.681569516658783,"z":0.038509368896484378},"rotation":{"x":-0.21901707351207734,"y":0.004973575007170439,"z":-0.001116517698392272,"w":-0.9757095575332642},"size":5.604104518890381,"orthographic":false}