{"cameraMode":{"drawMode":0,"name":"Shaded","section":"Shading Mode"},"sceneLighting":true,"audioPlay":false,"sceneViewState":{"m_AlwaysRefresh":false,"showFog":true,"showSkybox":false,"showFlares":true,"showImageEffects":true,"showParticleSystems":true,"showVisualEffectGraphs":true,"m_FxEnabled":true},"in2DMode":false,"pivot":{"x":-0.6236196160316467,"y":-3.0398442874002288e-8,"z":0.07140236347913742},"rotation":{"x":0.27724847197532656,"y":0.054728515446186069,"z":-0.015820277854800226,"w":0.9591091275215149},"size":7.188202381134033,"orthographic":false}